"","Sample","Peptide_Count","Dilution_Replicate","Gradient","Group","Method","Facet_Label","Method_Group"
"1","45min_Dil1_1_1",276,"Spike-in: High","45min","L.murinus","DDA","45min_Dil1","DDA_L.murinus"
"2","45min_Dil1_1_2",296,"Spike-in: High","45min","L.murinus","DDA","45min_Dil1","DDA_L.murinus"
"3","45min_Dil1_1_3",281,"Spike-in: High","45min","L.murinus","DDA","45min_Dil1","DDA_L.murinus"
"4","45min_Dil1_2_1",327,"Spike-in: High","45min","L.murinus","DDA","45min_Dil1","DDA_L.murinus"
"5","45min_Dil1_2_2",315,"Spike-in: High","45min","L.murinus","DDA","45min_Dil1","DDA_L.murinus"
"6","45min_Dil1_2_3",226,"Spike-in: High","45min","L.murinus","DDA","45min_Dil1","DDA_L.murinus"
"7","45min_Dil1_3_1",295,"Spike-in: High","45min","L.murinus","DDA","45min_Dil1","DDA_L.murinus"
"8","45min_Dil1_3_2",313,"Spike-in: High","45min","L.murinus","DDA","45min_Dil1","DDA_L.murinus"
"9","45min_Dil1_3_3",295,"Spike-in: High","45min","L.murinus","DDA","45min_Dil1","DDA_L.murinus"
"10","45min_Dil2_1_1",8,"Spike-in: Medium","45min","L.murinus","DDA","45min_Dil2","DDA_L.murinus"
"11","45min_Dil2_1_2",5,"Spike-in: Medium","45min","L.murinus","DDA","45min_Dil2","DDA_L.murinus"
"12","45min_Dil2_1_3",7,"Spike-in: Medium","45min","L.murinus","DDA","45min_Dil2","DDA_L.murinus"
"13","45min_Dil2_2_1",10,"Spike-in: Medium","45min","L.murinus","DDA","45min_Dil2","DDA_L.murinus"
"14","45min_Dil2_2_2",5,"Spike-in: Medium","45min","L.murinus","DDA","45min_Dil2","DDA_L.murinus"
"15","45min_Dil2_2_3",8,"Spike-in: Medium","45min","L.murinus","DDA","45min_Dil2","DDA_L.murinus"
"16","45min_Dil2_3_1",7,"Spike-in: Medium","45min","L.murinus","DDA","45min_Dil2","DDA_L.murinus"
"17","45min_Dil2_3_2",6,"Spike-in: Medium","45min","L.murinus","DDA","45min_Dil2","DDA_L.murinus"
"18","45min_Dil2_3_3",10,"Spike-in: Medium","45min","L.murinus","DDA","45min_Dil2","DDA_L.murinus"
"19","45min_Dil1_1_1",904,"Spike-in: High","45min","S.ruber","DDA","45min_Dil1","DDA_S.ruber"
"20","45min_Dil1_1_2",943,"Spike-in: High","45min","S.ruber","DDA","45min_Dil1","DDA_S.ruber"
"21","45min_Dil1_1_3",917,"Spike-in: High","45min","S.ruber","DDA","45min_Dil1","DDA_S.ruber"
"22","45min_Dil1_2_1",1066,"Spike-in: High","45min","S.ruber","DDA","45min_Dil1","DDA_S.ruber"
"23","45min_Dil1_2_2",1079,"Spike-in: High","45min","S.ruber","DDA","45min_Dil1","DDA_S.ruber"
"24","45min_Dil1_2_3",740,"Spike-in: High","45min","S.ruber","DDA","45min_Dil1","DDA_S.ruber"
"25","45min_Dil1_3_1",1026,"Spike-in: High","45min","S.ruber","DDA","45min_Dil1","DDA_S.ruber"
"26","45min_Dil1_3_2",1078,"Spike-in: High","45min","S.ruber","DDA","45min_Dil1","DDA_S.ruber"
"27","45min_Dil1_3_3",1060,"Spike-in: High","45min","S.ruber","DDA","45min_Dil1","DDA_S.ruber"
"28","45min_Dil2_1_1",43,"Spike-in: Medium","45min","S.ruber","DDA","45min_Dil2","DDA_S.ruber"
"29","45min_Dil2_1_2",43,"Spike-in: Medium","45min","S.ruber","DDA","45min_Dil2","DDA_S.ruber"
"30","45min_Dil2_1_3",40,"Spike-in: Medium","45min","S.ruber","DDA","45min_Dil2","DDA_S.ruber"
"31","45min_Dil2_2_1",56,"Spike-in: Medium","45min","S.ruber","DDA","45min_Dil2","DDA_S.ruber"
"32","45min_Dil2_2_2",45,"Spike-in: Medium","45min","S.ruber","DDA","45min_Dil2","DDA_S.ruber"
"33","45min_Dil2_2_3",41,"Spike-in: Medium","45min","S.ruber","DDA","45min_Dil2","DDA_S.ruber"
"34","45min_Dil2_3_1",50,"Spike-in: Medium","45min","S.ruber","DDA","45min_Dil2","DDA_S.ruber"
"35","45min_Dil2_3_2",44,"Spike-in: Medium","45min","S.ruber","DDA","45min_Dil2","DDA_S.ruber"
"36","45min_Dil2_3_3",58,"Spike-in: Medium","45min","S.ruber","DDA","45min_Dil2","DDA_S.ruber"
"37","45min_Dil3_1_1",6,"Spike-in: Low","45min","S.ruber","DDA","45min_Dil3","DDA_S.ruber"
"38","45min_Dil3_1_2",2,"Spike-in: Low","45min","S.ruber","DDA","45min_Dil3","DDA_S.ruber"
"39","45min_Dil3_1_3",3,"Spike-in: Low","45min","S.ruber","DDA","45min_Dil3","DDA_S.ruber"
"40","45min_Dil3_2_1",3,"Spike-in: Low","45min","S.ruber","DDA","45min_Dil3","DDA_S.ruber"
"41","45min_Dil3_2_2",6,"Spike-in: Low","45min","S.ruber","DDA","45min_Dil3","DDA_S.ruber"
"42","45min_Dil3_2_3",6,"Spike-in: Low","45min","S.ruber","DDA","45min_Dil3","DDA_S.ruber"
"43","45min_Dil3_3_1",8,"Spike-in: Low","45min","S.ruber","DDA","45min_Dil3","DDA_S.ruber"
"44","45min_Dil3_3_2",6,"Spike-in: Low","45min","S.ruber","DDA","45min_Dil3","DDA_S.ruber"
"45","45min_Dil3_3_3",7,"Spike-in: Low","45min","S.ruber","DDA","45min_Dil3","DDA_S.ruber"
"46","45min_Dil1_1_1",614,"Spike-in: High","45min","L.murinus","DIA","45min_Dil1","DIA_L.murinus"
"47","45min_Dil1_1_2",613,"Spike-in: High","45min","L.murinus","DIA","45min_Dil1","DIA_L.murinus"
"48","45min_Dil1_1_3",615,"Spike-in: High","45min","L.murinus","DIA","45min_Dil1","DIA_L.murinus"
"49","45min_Dil1_2_1",642,"Spike-in: High","45min","L.murinus","DIA","45min_Dil1","DIA_L.murinus"
"50","45min_Dil1_2_2",634,"Spike-in: High","45min","L.murinus","DIA","45min_Dil1","DIA_L.murinus"
"51","45min_Dil1_2_3",637,"Spike-in: High","45min","L.murinus","DIA","45min_Dil1","DIA_L.murinus"
"52","45min_Dil1_3_1",618,"Spike-in: High","45min","L.murinus","DIA","45min_Dil1","DIA_L.murinus"
"53","45min_Dil1_3_2",623,"Spike-in: High","45min","L.murinus","DIA","45min_Dil1","DIA_L.murinus"
"54","45min_Dil1_3_3",622,"Spike-in: High","45min","L.murinus","DIA","45min_Dil1","DIA_L.murinus"
"55","45min_Dil2_1_1",105,"Spike-in: Medium","45min","L.murinus","DIA","45min_Dil2","DIA_L.murinus"
"56","45min_Dil2_1_2",105,"Spike-in: Medium","45min","L.murinus","DIA","45min_Dil2","DIA_L.murinus"
"57","45min_Dil2_1_3",81,"Spike-in: Medium","45min","L.murinus","DIA","45min_Dil2","DIA_L.murinus"
"58","45min_Dil2_2_1",101,"Spike-in: Medium","45min","L.murinus","DIA","45min_Dil2","DIA_L.murinus"
"59","45min_Dil2_2_2",112,"Spike-in: Medium","45min","L.murinus","DIA","45min_Dil2","DIA_L.murinus"
"60","45min_Dil2_2_3",82,"Spike-in: Medium","45min","L.murinus","DIA","45min_Dil2","DIA_L.murinus"
"61","45min_Dil2_3_1",95,"Spike-in: Medium","45min","L.murinus","DIA","45min_Dil2","DIA_L.murinus"
"62","45min_Dil2_3_2",116,"Spike-in: Medium","45min","L.murinus","DIA","45min_Dil2","DIA_L.murinus"
"63","45min_Dil2_3_3",106,"Spike-in: Medium","45min","L.murinus","DIA","45min_Dil2","DIA_L.murinus"
"64","45min_Dil3_1_1",1,"Spike-in: Low","45min","L.murinus","DIA","45min_Dil3","DIA_L.murinus"
"65","45min_Dil3_1_2",1,"Spike-in: Low","45min","L.murinus","DIA","45min_Dil3","DIA_L.murinus"
"66","45min_Dil3_1_3",2,"Spike-in: Low","45min","L.murinus","DIA","45min_Dil3","DIA_L.murinus"
"67","45min_Dil3_2_1",3,"Spike-in: Low","45min","L.murinus","DIA","45min_Dil3","DIA_L.murinus"
"68","45min_Dil3_2_2",1,"Spike-in: Low","45min","L.murinus","DIA","45min_Dil3","DIA_L.murinus"
"69","45min_Dil3_2_3",1,"Spike-in: Low","45min","L.murinus","DIA","45min_Dil3","DIA_L.murinus"
"70","45min_Dil1_1_1",1456,"Spike-in: High","45min","S.ruber","DIA","45min_Dil1","DIA_S.ruber"
"71","45min_Dil1_1_2",1483,"Spike-in: High","45min","S.ruber","DIA","45min_Dil1","DIA_S.ruber"
"72","45min_Dil1_1_3",1447,"Spike-in: High","45min","S.ruber","DIA","45min_Dil1","DIA_S.ruber"
"73","45min_Dil1_2_1",1537,"Spike-in: High","45min","S.ruber","DIA","45min_Dil1","DIA_S.ruber"
"74","45min_Dil1_2_2",1543,"Spike-in: High","45min","S.ruber","DIA","45min_Dil1","DIA_S.ruber"
"75","45min_Dil1_2_3",1536,"Spike-in: High","45min","S.ruber","DIA","45min_Dil1","DIA_S.ruber"
"76","45min_Dil1_3_1",1518,"Spike-in: High","45min","S.ruber","DIA","45min_Dil1","DIA_S.ruber"
"77","45min_Dil1_3_2",1516,"Spike-in: High","45min","S.ruber","DIA","45min_Dil1","DIA_S.ruber"
"78","45min_Dil1_3_3",1519,"Spike-in: High","45min","S.ruber","DIA","45min_Dil1","DIA_S.ruber"
"79","45min_Dil2_1_1",153,"Spike-in: Medium","45min","S.ruber","DIA","45min_Dil2","DIA_S.ruber"
"80","45min_Dil2_1_2",153,"Spike-in: Medium","45min","S.ruber","DIA","45min_Dil2","DIA_S.ruber"
"81","45min_Dil2_1_3",119,"Spike-in: Medium","45min","S.ruber","DIA","45min_Dil2","DIA_S.ruber"
"82","45min_Dil2_2_1",147,"Spike-in: Medium","45min","S.ruber","DIA","45min_Dil2","DIA_S.ruber"
"83","45min_Dil2_2_2",169,"Spike-in: Medium","45min","S.ruber","DIA","45min_Dil2","DIA_S.ruber"
"84","45min_Dil2_2_3",141,"Spike-in: Medium","45min","S.ruber","DIA","45min_Dil2","DIA_S.ruber"
"85","45min_Dil2_3_1",149,"Spike-in: Medium","45min","S.ruber","DIA","45min_Dil2","DIA_S.ruber"
"86","45min_Dil2_3_2",148,"Spike-in: Medium","45min","S.ruber","DIA","45min_Dil2","DIA_S.ruber"
"87","45min_Dil2_3_3",157,"Spike-in: Medium","45min","S.ruber","DIA","45min_Dil2","DIA_S.ruber"
"88","45min_Dil3_1_1",10,"Spike-in: Low","45min","S.ruber","DIA","45min_Dil3","DIA_S.ruber"
"89","45min_Dil3_1_2",10,"Spike-in: Low","45min","S.ruber","DIA","45min_Dil3","DIA_S.ruber"
"90","45min_Dil3_1_3",6,"Spike-in: Low","45min","S.ruber","DIA","45min_Dil3","DIA_S.ruber"
"91","45min_Dil3_2_1",4,"Spike-in: Low","45min","S.ruber","DIA","45min_Dil3","DIA_S.ruber"
"92","45min_Dil3_2_2",3,"Spike-in: Low","45min","S.ruber","DIA","45min_Dil3","DIA_S.ruber"
"93","45min_Dil3_2_3",6,"Spike-in: Low","45min","S.ruber","DIA","45min_Dil3","DIA_S.ruber"
"94","45min_Dil3_3_1",5,"Spike-in: Low","45min","S.ruber","DIA","45min_Dil3","DIA_S.ruber"
"95","45min_Dil3_3_2",6,"Spike-in: Low","45min","S.ruber","DIA","45min_Dil3","DIA_S.ruber"
"96","45min_Dil3_3_3",3,"Spike-in: Low","45min","S.ruber","DIA","45min_Dil3","DIA_S.ruber"
"97","45min_Dil1_1_1",399,"Spike-in: High","45min","L.murinus","Midia","45min_Dil1","Midia5OL_L.murinus"
"98","45min_Dil1_1_2",389,"Spike-in: High","45min","L.murinus","Midia","45min_Dil1","Midia5OL_L.murinus"
"99","45min_Dil1_1_3",398,"Spike-in: High","45min","L.murinus","Midia","45min_Dil1","Midia5OL_L.murinus"
"100","45min_Dil1_2_1",394,"Spike-in: High","45min","L.murinus","Midia","45min_Dil1","Midia5OL_L.murinus"
"101","45min_Dil1_2_2",409,"Spike-in: High","45min","L.murinus","Midia","45min_Dil1","Midia5OL_L.murinus"
"102","45min_Dil1_2_3",401,"Spike-in: High","45min","L.murinus","Midia","45min_Dil1","Midia5OL_L.murinus"
"103","45min_Dil1_3_1",202,"Spike-in: High","45min","L.murinus","Midia","45min_Dil1","Midia5OL_L.murinus"
"104","45min_Dil1_3_2",418,"Spike-in: High","45min","L.murinus","Midia","45min_Dil1","Midia5OL_L.murinus"
"105","45min_Dil1_3_3",421,"Spike-in: High","45min","L.murinus","Midia","45min_Dil1","Midia5OL_L.murinus"
"106","45min_Dil2_1_1",45,"Spike-in: Medium","45min","L.murinus","Midia","45min_Dil2","Midia5OL_L.murinus"
"107","45min_Dil2_1_2",63,"Spike-in: Medium","45min","L.murinus","Midia","45min_Dil2","Midia5OL_L.murinus"
"108","45min_Dil2_1_3",66,"Spike-in: Medium","45min","L.murinus","Midia","45min_Dil2","Midia5OL_L.murinus"
"109","45min_Dil2_2_1",62,"Spike-in: Medium","45min","L.murinus","Midia","45min_Dil2","Midia5OL_L.murinus"
"110","45min_Dil2_2_2",70,"Spike-in: Medium","45min","L.murinus","Midia","45min_Dil2","Midia5OL_L.murinus"
"111","45min_Dil2_2_3",68,"Spike-in: Medium","45min","L.murinus","Midia","45min_Dil2","Midia5OL_L.murinus"
"112","45min_Dil2_3_1",56,"Spike-in: Medium","45min","L.murinus","Midia","45min_Dil2","Midia5OL_L.murinus"
"113","45min_Dil2_3_2",63,"Spike-in: Medium","45min","L.murinus","Midia","45min_Dil2","Midia5OL_L.murinus"
"114","45min_Dil2_3_3",47,"Spike-in: Medium","45min","L.murinus","Midia","45min_Dil2","Midia5OL_L.murinus"
"115","45min_Dil3_1_1",1,"Spike-in: Low","45min","L.murinus","Midia","45min_Dil3","Midia5OL_L.murinus"
"116","45min_Dil3_2_1",1,"Spike-in: Low","45min","L.murinus","Midia","45min_Dil3","Midia5OL_L.murinus"
"117","45min_Dil1_1_1",952,"Spike-in: High","45min","S.ruber","Midia","45min_Dil1","Midia5OL_S.ruber"
"118","45min_Dil1_1_2",968,"Spike-in: High","45min","S.ruber","Midia","45min_Dil1","Midia5OL_S.ruber"
"119","45min_Dil1_1_3",968,"Spike-in: High","45min","S.ruber","Midia","45min_Dil1","Midia5OL_S.ruber"
"120","45min_Dil1_2_1",993,"Spike-in: High","45min","S.ruber","Midia","45min_Dil1","Midia5OL_S.ruber"
"121","45min_Dil1_2_2",992,"Spike-in: High","45min","S.ruber","Midia","45min_Dil1","Midia5OL_S.ruber"
"122","45min_Dil1_2_3",1006,"Spike-in: High","45min","S.ruber","Midia","45min_Dil1","Midia5OL_S.ruber"
"123","45min_Dil1_3_1",598,"Spike-in: High","45min","S.ruber","Midia","45min_Dil1","Midia5OL_S.ruber"
"124","45min_Dil1_3_2",1045,"Spike-in: High","45min","S.ruber","Midia","45min_Dil1","Midia5OL_S.ruber"
"125","45min_Dil1_3_3",1024,"Spike-in: High","45min","S.ruber","Midia","45min_Dil1","Midia5OL_S.ruber"
"126","45min_Dil2_1_1",74,"Spike-in: Medium","45min","S.ruber","Midia","45min_Dil2","Midia5OL_S.ruber"
"127","45min_Dil2_1_2",110,"Spike-in: Medium","45min","S.ruber","Midia","45min_Dil2","Midia5OL_S.ruber"
"128","45min_Dil2_1_3",92,"Spike-in: Medium","45min","S.ruber","Midia","45min_Dil2","Midia5OL_S.ruber"
"129","45min_Dil2_2_1",88,"Spike-in: Medium","45min","S.ruber","Midia","45min_Dil2","Midia5OL_S.ruber"
"130","45min_Dil2_2_2",84,"Spike-in: Medium","45min","S.ruber","Midia","45min_Dil2","Midia5OL_S.ruber"
"131","45min_Dil2_2_3",99,"Spike-in: Medium","45min","S.ruber","Midia","45min_Dil2","Midia5OL_S.ruber"
"132","45min_Dil2_3_1",91,"Spike-in: Medium","45min","S.ruber","Midia","45min_Dil2","Midia5OL_S.ruber"
"133","45min_Dil2_3_2",95,"Spike-in: Medium","45min","S.ruber","Midia","45min_Dil2","Midia5OL_S.ruber"
"134","45min_Dil2_3_3",96,"Spike-in: Medium","45min","S.ruber","Midia","45min_Dil2","Midia5OL_S.ruber"
"135","45min_Dil3_1_1",6,"Spike-in: Low","45min","S.ruber","Midia","45min_Dil3","Midia5OL_S.ruber"
"136","45min_Dil3_1_2",6,"Spike-in: Low","45min","S.ruber","Midia","45min_Dil3","Midia5OL_S.ruber"
"137","45min_Dil3_1_3",5,"Spike-in: Low","45min","S.ruber","Midia","45min_Dil3","Midia5OL_S.ruber"
"138","45min_Dil3_2_1",6,"Spike-in: Low","45min","S.ruber","Midia","45min_Dil3","Midia5OL_S.ruber"
"139","45min_Dil3_2_2",6,"Spike-in: Low","45min","S.ruber","Midia","45min_Dil3","Midia5OL_S.ruber"
"140","45min_Dil3_2_3",6,"Spike-in: Low","45min","S.ruber","Midia","45min_Dil3","Midia5OL_S.ruber"
"141","45min_Dil3_3_1",5,"Spike-in: Low","45min","S.ruber","Midia","45min_Dil3","Midia5OL_S.ruber"
"142","45min_Dil3_3_2",7,"Spike-in: Low","45min","S.ruber","Midia","45min_Dil3","Midia5OL_S.ruber"
"143","45min_Dil3_3_3",3,"Spike-in: Low","45min","S.ruber","Midia","45min_Dil3","Midia5OL_S.ruber"
"144","45min_Dil1_1_1",644,"Spike-in: High","45min","L.murinus","Slice","45min_Dil1","Slice1F_L.murinus"
"145","45min_Dil1_1_2",658,"Spike-in: High","45min","L.murinus","Slice","45min_Dil1","Slice1F_L.murinus"
"146","45min_Dil1_1_3",653,"Spike-in: High","45min","L.murinus","Slice","45min_Dil1","Slice1F_L.murinus"
"147","45min_Dil1_2_1",655,"Spike-in: High","45min","L.murinus","Slice","45min_Dil1","Slice1F_L.murinus"
"148","45min_Dil1_2_2",654,"Spike-in: High","45min","L.murinus","Slice","45min_Dil1","Slice1F_L.murinus"
"149","45min_Dil1_2_3",660,"Spike-in: High","45min","L.murinus","Slice","45min_Dil1","Slice1F_L.murinus"
"150","45min_Dil1_3_1",649,"Spike-in: High","45min","L.murinus","Slice","45min_Dil1","Slice1F_L.murinus"
"151","45min_Dil1_3_2",627,"Spike-in: High","45min","L.murinus","Slice","45min_Dil1","Slice1F_L.murinus"
"152","45min_Dil1_3_3",648,"Spike-in: High","45min","L.murinus","Slice","45min_Dil1","Slice1F_L.murinus"
"153","45min_Dil2_1_1",137,"Spike-in: Medium","45min","L.murinus","Slice","45min_Dil2","Slice1F_L.murinus"
"154","45min_Dil2_1_2",81,"Spike-in: Medium","45min","L.murinus","Slice","45min_Dil2","Slice1F_L.murinus"
"155","45min_Dil2_1_3",131,"Spike-in: Medium","45min","L.murinus","Slice","45min_Dil2","Slice1F_L.murinus"
"156","45min_Dil2_2_1",119,"Spike-in: Medium","45min","L.murinus","Slice","45min_Dil2","Slice1F_L.murinus"
"157","45min_Dil2_2_2",113,"Spike-in: Medium","45min","L.murinus","Slice","45min_Dil2","Slice1F_L.murinus"
"158","45min_Dil2_2_3",131,"Spike-in: Medium","45min","L.murinus","Slice","45min_Dil2","Slice1F_L.murinus"
"159","45min_Dil2_3_1",132,"Spike-in: Medium","45min","L.murinus","Slice","45min_Dil2","Slice1F_L.murinus"
"160","45min_Dil2_3_2",124,"Spike-in: Medium","45min","L.murinus","Slice","45min_Dil2","Slice1F_L.murinus"
"161","45min_Dil2_3_3",124,"Spike-in: Medium","45min","L.murinus","Slice","45min_Dil2","Slice1F_L.murinus"
"162","45min_Dil3_1_1",2,"Spike-in: Low","45min","L.murinus","Slice","45min_Dil3","Slice1F_L.murinus"
"163","45min_Dil3_1_2",3,"Spike-in: Low","45min","L.murinus","Slice","45min_Dil3","Slice1F_L.murinus"
"164","45min_Dil3_1_3",1,"Spike-in: Low","45min","L.murinus","Slice","45min_Dil3","Slice1F_L.murinus"
"165","45min_Dil3_2_1",1,"Spike-in: Low","45min","L.murinus","Slice","45min_Dil3","Slice1F_L.murinus"
"166","45min_Dil3_2_2",2,"Spike-in: Low","45min","L.murinus","Slice","45min_Dil3","Slice1F_L.murinus"
"167","45min_Dil3_2_3",1,"Spike-in: Low","45min","L.murinus","Slice","45min_Dil3","Slice1F_L.murinus"
"168","45min_Dil1_1_1",1495,"Spike-in: High","45min","S.ruber","Slice","45min_Dil1","Slice1F_S.ruber"
"169","45min_Dil1_1_2",1529,"Spike-in: High","45min","S.ruber","Slice","45min_Dil1","Slice1F_S.ruber"
"170","45min_Dil1_1_3",1512,"Spike-in: High","45min","S.ruber","Slice","45min_Dil1","Slice1F_S.ruber"
"171","45min_Dil1_2_1",1528,"Spike-in: High","45min","S.ruber","Slice","45min_Dil1","Slice1F_S.ruber"
"172","45min_Dil1_2_2",1548,"Spike-in: High","45min","S.ruber","Slice","45min_Dil1","Slice1F_S.ruber"
"173","45min_Dil1_2_3",1538,"Spike-in: High","45min","S.ruber","Slice","45min_Dil1","Slice1F_S.ruber"
"174","45min_Dil1_3_1",1565,"Spike-in: High","45min","S.ruber","Slice","45min_Dil1","Slice1F_S.ruber"
"175","45min_Dil1_3_2",1510,"Spike-in: High","45min","S.ruber","Slice","45min_Dil1","Slice1F_S.ruber"
"176","45min_Dil1_3_3",1577,"Spike-in: High","45min","S.ruber","Slice","45min_Dil1","Slice1F_S.ruber"
"177","45min_Dil2_1_1",184,"Spike-in: Medium","45min","S.ruber","Slice","45min_Dil2","Slice1F_S.ruber"
"178","45min_Dil2_1_2",132,"Spike-in: Medium","45min","S.ruber","Slice","45min_Dil2","Slice1F_S.ruber"
"179","45min_Dil2_1_3",172,"Spike-in: Medium","45min","S.ruber","Slice","45min_Dil2","Slice1F_S.ruber"
"180","45min_Dil2_2_1",175,"Spike-in: Medium","45min","S.ruber","Slice","45min_Dil2","Slice1F_S.ruber"
"181","45min_Dil2_2_2",175,"Spike-in: Medium","45min","S.ruber","Slice","45min_Dil2","Slice1F_S.ruber"
"182","45min_Dil2_2_3",181,"Spike-in: Medium","45min","S.ruber","Slice","45min_Dil2","Slice1F_S.ruber"
"183","45min_Dil2_3_1",176,"Spike-in: Medium","45min","S.ruber","Slice","45min_Dil2","Slice1F_S.ruber"
"184","45min_Dil2_3_2",174,"Spike-in: Medium","45min","S.ruber","Slice","45min_Dil2","Slice1F_S.ruber"
"185","45min_Dil2_3_3",177,"Spike-in: Medium","45min","S.ruber","Slice","45min_Dil2","Slice1F_S.ruber"
"186","45min_Dil3_1_1",6,"Spike-in: Low","45min","S.ruber","Slice","45min_Dil3","Slice1F_S.ruber"
"187","45min_Dil3_1_2",6,"Spike-in: Low","45min","S.ruber","Slice","45min_Dil3","Slice1F_S.ruber"
"188","45min_Dil3_1_3",5,"Spike-in: Low","45min","S.ruber","Slice","45min_Dil3","Slice1F_S.ruber"
"189","45min_Dil3_2_1",7,"Spike-in: Low","45min","S.ruber","Slice","45min_Dil3","Slice1F_S.ruber"
"190","45min_Dil3_2_2",6,"Spike-in: Low","45min","S.ruber","Slice","45min_Dil3","Slice1F_S.ruber"
"191","45min_Dil3_2_3",9,"Spike-in: Low","45min","S.ruber","Slice","45min_Dil3","Slice1F_S.ruber"
"192","45min_Dil3_3_1",8,"Spike-in: Low","45min","S.ruber","Slice","45min_Dil3","Slice1F_S.ruber"
"193","45min_Dil3_3_2",6,"Spike-in: Low","45min","S.ruber","Slice","45min_Dil3","Slice1F_S.ruber"
"194","45min_Dil3_3_3",6,"Spike-in: Low","45min","S.ruber","Slice","45min_Dil3","Slice1F_S.ruber"
"195","45min_Dil1_1_1",465,"Spike-in: High","45min","L.murinus","Synchro","45min_Dil1","Synchro_L.murinus"
"196","45min_Dil1_1_2",363,"Spike-in: High","45min","L.murinus","Synchro","45min_Dil1","Synchro_L.murinus"
"197","45min_Dil1_1_3",472,"Spike-in: High","45min","L.murinus","Synchro","45min_Dil1","Synchro_L.murinus"
"198","45min_Dil1_2_1",464,"Spike-in: High","45min","L.murinus","Synchro","45min_Dil1","Synchro_L.murinus"
"199","45min_Dil1_2_2",464,"Spike-in: High","45min","L.murinus","Synchro","45min_Dil1","Synchro_L.murinus"
"200","45min_Dil1_2_3",464,"Spike-in: High","45min","L.murinus","Synchro","45min_Dil1","Synchro_L.murinus"
"201","45min_Dil1_3_1",465,"Spike-in: High","45min","L.murinus","Synchro","45min_Dil1","Synchro_L.murinus"
"202","45min_Dil1_3_2",466,"Spike-in: High","45min","L.murinus","Synchro","45min_Dil1","Synchro_L.murinus"
"203","45min_Dil1_3_3",473,"Spike-in: High","45min","L.murinus","Synchro","45min_Dil1","Synchro_L.murinus"
"204","45min_Dil2_1_1",63,"Spike-in: Medium","45min","L.murinus","Synchro","45min_Dil2","Synchro_L.murinus"
"205","45min_Dil2_1_2",65,"Spike-in: Medium","45min","L.murinus","Synchro","45min_Dil2","Synchro_L.murinus"
"206","45min_Dil2_1_3",64,"Spike-in: Medium","45min","L.murinus","Synchro","45min_Dil2","Synchro_L.murinus"
"207","45min_Dil2_2_1",55,"Spike-in: Medium","45min","L.murinus","Synchro","45min_Dil2","Synchro_L.murinus"
"208","45min_Dil2_2_2",67,"Spike-in: Medium","45min","L.murinus","Synchro","45min_Dil2","Synchro_L.murinus"
"209","45min_Dil2_2_3",73,"Spike-in: Medium","45min","L.murinus","Synchro","45min_Dil2","Synchro_L.murinus"
"210","45min_Dil2_3_1",7,"Spike-in: Medium","45min","L.murinus","Synchro","45min_Dil2","Synchro_L.murinus"
"211","45min_Dil2_3_2",9,"Spike-in: Medium","45min","L.murinus","Synchro","45min_Dil2","Synchro_L.murinus"
"212","45min_Dil2_3_3",9,"Spike-in: Medium","45min","L.murinus","Synchro","45min_Dil2","Synchro_L.murinus"
"213","45min_Dil3_1_3",1,"Spike-in: Low","45min","L.murinus","Synchro","45min_Dil3","Synchro_L.murinus"
"214","45min_Dil3_3_3",1,"Spike-in: Low","45min","L.murinus","Synchro","45min_Dil3","Synchro_L.murinus"
"215","45min_Dil1_1_1",1119,"Spike-in: High","45min","S.ruber","Synchro","45min_Dil1","Synchro_S.ruber"
"216","45min_Dil1_1_2",930,"Spike-in: High","45min","S.ruber","Synchro","45min_Dil1","Synchro_S.ruber"
"217","45min_Dil1_1_3",1115,"Spike-in: High","45min","S.ruber","Synchro","45min_Dil1","Synchro_S.ruber"
"218","45min_Dil1_2_1",1134,"Spike-in: High","45min","S.ruber","Synchro","45min_Dil1","Synchro_S.ruber"
"219","45min_Dil1_2_2",1163,"Spike-in: High","45min","S.ruber","Synchro","45min_Dil1","Synchro_S.ruber"
"220","45min_Dil1_2_3",1148,"Spike-in: High","45min","S.ruber","Synchro","45min_Dil1","Synchro_S.ruber"
"221","45min_Dil1_3_1",1146,"Spike-in: High","45min","S.ruber","Synchro","45min_Dil1","Synchro_S.ruber"
"222","45min_Dil1_3_2",1161,"Spike-in: High","45min","S.ruber","Synchro","45min_Dil1","Synchro_S.ruber"
"223","45min_Dil1_3_3",1163,"Spike-in: High","45min","S.ruber","Synchro","45min_Dil1","Synchro_S.ruber"
"224","45min_Dil2_1_1",100,"Spike-in: Medium","45min","S.ruber","Synchro","45min_Dil2","Synchro_S.ruber"
"225","45min_Dil2_1_2",92,"Spike-in: Medium","45min","S.ruber","Synchro","45min_Dil2","Synchro_S.ruber"
"226","45min_Dil2_1_3",89,"Spike-in: Medium","45min","S.ruber","Synchro","45min_Dil2","Synchro_S.ruber"
"227","45min_Dil2_2_1",93,"Spike-in: Medium","45min","S.ruber","Synchro","45min_Dil2","Synchro_S.ruber"
"228","45min_Dil2_2_2",101,"Spike-in: Medium","45min","S.ruber","Synchro","45min_Dil2","Synchro_S.ruber"
"229","45min_Dil2_2_3",113,"Spike-in: Medium","45min","S.ruber","Synchro","45min_Dil2","Synchro_S.ruber"
"230","45min_Dil2_3_1",67,"Spike-in: Medium","45min","S.ruber","Synchro","45min_Dil2","Synchro_S.ruber"
"231","45min_Dil2_3_2",54,"Spike-in: Medium","45min","S.ruber","Synchro","45min_Dil2","Synchro_S.ruber"
"232","45min_Dil2_3_3",62,"Spike-in: Medium","45min","S.ruber","Synchro","45min_Dil2","Synchro_S.ruber"
"233","45min_Dil3_1_1",9,"Spike-in: Low","45min","S.ruber","Synchro","45min_Dil3","Synchro_S.ruber"
"234","45min_Dil3_1_2",12,"Spike-in: Low","45min","S.ruber","Synchro","45min_Dil3","Synchro_S.ruber"
"235","45min_Dil3_1_3",10,"Spike-in: Low","45min","S.ruber","Synchro","45min_Dil3","Synchro_S.ruber"
"236","45min_Dil3_2_1",10,"Spike-in: Low","45min","S.ruber","Synchro","45min_Dil3","Synchro_S.ruber"
"237","45min_Dil3_2_2",12,"Spike-in: Low","45min","S.ruber","Synchro","45min_Dil3","Synchro_S.ruber"
"238","45min_Dil3_2_3",12,"Spike-in: Low","45min","S.ruber","Synchro","45min_Dil3","Synchro_S.ruber"
"239","45min_Dil3_3_1",14,"Spike-in: Low","45min","S.ruber","Synchro","45min_Dil3","Synchro_S.ruber"
"240","45min_Dil3_3_2",10,"Spike-in: Low","45min","S.ruber","Synchro","45min_Dil3","Synchro_S.ruber"
"241","45min_Dil3_3_3",13,"Spike-in: Low","45min","S.ruber","Synchro","45min_Dil3","Synchro_S.ruber"
"242","22min_Dil1_1_1",173,"Spike-in: High","22min","L.murinus","DDA","22min_Dil1","DDA_L.murinus"
"243","22min_Dil1_1_2",181,"Spike-in: High","22min","L.murinus","DDA","22min_Dil1","DDA_L.murinus"
"244","22min_Dil1_1_3",169,"Spike-in: High","22min","L.murinus","DDA","22min_Dil1","DDA_L.murinus"
"245","22min_Dil1_2_1",167,"Spike-in: High","22min","L.murinus","DDA","22min_Dil1","DDA_L.murinus"
"246","22min_Dil1_2_2",182,"Spike-in: High","22min","L.murinus","DDA","22min_Dil1","DDA_L.murinus"
"247","22min_Dil1_2_3",166,"Spike-in: High","22min","L.murinus","DDA","22min_Dil1","DDA_L.murinus"
"248","22min_Dil1_3_1",173,"Spike-in: High","22min","L.murinus","DDA","22min_Dil1","DDA_L.murinus"
"249","22min_Dil1_3_2",162,"Spike-in: High","22min","L.murinus","DDA","22min_Dil1","DDA_L.murinus"
"250","22min_Dil1_3_3",175,"Spike-in: High","22min","L.murinus","DDA","22min_Dil1","DDA_L.murinus"
"251","22min_Dil2_1_1",3,"Spike-in: Medium","22min","L.murinus","DDA","22min_Dil2","DDA_L.murinus"
"252","22min_Dil2_1_2",2,"Spike-in: Medium","22min","L.murinus","DDA","22min_Dil2","DDA_L.murinus"
"253","22min_Dil2_1_3",2,"Spike-in: Medium","22min","L.murinus","DDA","22min_Dil2","DDA_L.murinus"
"254","22min_Dil2_2_1",3,"Spike-in: Medium","22min","L.murinus","DDA","22min_Dil2","DDA_L.murinus"
"255","22min_Dil2_2_2",2,"Spike-in: Medium","22min","L.murinus","DDA","22min_Dil2","DDA_L.murinus"
"256","22min_Dil2_3_1",4,"Spike-in: Medium","22min","L.murinus","DDA","22min_Dil2","DDA_L.murinus"
"257","22min_Dil2_3_2",6,"Spike-in: Medium","22min","L.murinus","DDA","22min_Dil2","DDA_L.murinus"
"258","22min_Dil2_3_3",4,"Spike-in: Medium","22min","L.murinus","DDA","22min_Dil2","DDA_L.murinus"
"259","22min_Dil3_1_2",3,"Spike-in: Low","22min","L.murinus","DDA","22min_Dil3","DDA_L.murinus"
"260","22min_Dil3_1_3",1,"Spike-in: Low","22min","L.murinus","DDA","22min_Dil3","DDA_L.murinus"
"261","22min_Dil3_2_3",1,"Spike-in: Low","22min","L.murinus","DDA","22min_Dil3","DDA_L.murinus"
"262","22min_Dil3_3_3",1,"Spike-in: Low","22min","L.murinus","DDA","22min_Dil3","DDA_L.murinus"
"263","22min_Dil1_1_1",505,"Spike-in: High","22min","S.ruber","DDA","22min_Dil1","DDA_S.ruber"
"264","22min_Dil1_1_2",547,"Spike-in: High","22min","S.ruber","DDA","22min_Dil1","DDA_S.ruber"
"265","22min_Dil1_1_3",509,"Spike-in: High","22min","S.ruber","DDA","22min_Dil1","DDA_S.ruber"
"266","22min_Dil1_2_1",483,"Spike-in: High","22min","S.ruber","DDA","22min_Dil1","DDA_S.ruber"
"267","22min_Dil1_2_2",493,"Spike-in: High","22min","S.ruber","DDA","22min_Dil1","DDA_S.ruber"
"268","22min_Dil1_2_3",453,"Spike-in: High","22min","S.ruber","DDA","22min_Dil1","DDA_S.ruber"
"269","22min_Dil1_3_1",465,"Spike-in: High","22min","S.ruber","DDA","22min_Dil1","DDA_S.ruber"
"270","22min_Dil1_3_2",429,"Spike-in: High","22min","S.ruber","DDA","22min_Dil1","DDA_S.ruber"
"271","22min_Dil1_3_3",465,"Spike-in: High","22min","S.ruber","DDA","22min_Dil1","DDA_S.ruber"
"272","22min_Dil2_1_1",21,"Spike-in: Medium","22min","S.ruber","DDA","22min_Dil2","DDA_S.ruber"
"273","22min_Dil2_1_2",23,"Spike-in: Medium","22min","S.ruber","DDA","22min_Dil2","DDA_S.ruber"
"274","22min_Dil2_1_3",20,"Spike-in: Medium","22min","S.ruber","DDA","22min_Dil2","DDA_S.ruber"
"275","22min_Dil2_2_1",23,"Spike-in: Medium","22min","S.ruber","DDA","22min_Dil2","DDA_S.ruber"
"276","22min_Dil2_2_2",23,"Spike-in: Medium","22min","S.ruber","DDA","22min_Dil2","DDA_S.ruber"
"277","22min_Dil2_2_3",16,"Spike-in: Medium","22min","S.ruber","DDA","22min_Dil2","DDA_S.ruber"
"278","22min_Dil2_3_1",27,"Spike-in: Medium","22min","S.ruber","DDA","22min_Dil2","DDA_S.ruber"
"279","22min_Dil2_3_2",28,"Spike-in: Medium","22min","S.ruber","DDA","22min_Dil2","DDA_S.ruber"
"280","22min_Dil2_3_3",39,"Spike-in: Medium","22min","S.ruber","DDA","22min_Dil2","DDA_S.ruber"
"281","22min_Dil3_1_1",14,"Spike-in: Low","22min","S.ruber","DDA","22min_Dil3","DDA_S.ruber"
"282","22min_Dil3_1_2",17,"Spike-in: Low","22min","S.ruber","DDA","22min_Dil3","DDA_S.ruber"
"283","22min_Dil3_1_3",35,"Spike-in: Low","22min","S.ruber","DDA","22min_Dil3","DDA_S.ruber"
"284","22min_Dil3_2_1",11,"Spike-in: Low","22min","S.ruber","DDA","22min_Dil3","DDA_S.ruber"
"285","22min_Dil3_2_2",20,"Spike-in: Low","22min","S.ruber","DDA","22min_Dil3","DDA_S.ruber"
"286","22min_Dil3_2_3",15,"Spike-in: Low","22min","S.ruber","DDA","22min_Dil3","DDA_S.ruber"
"287","22min_Dil3_3_1",10,"Spike-in: Low","22min","S.ruber","DDA","22min_Dil3","DDA_S.ruber"
"288","22min_Dil3_3_2",6,"Spike-in: Low","22min","S.ruber","DDA","22min_Dil3","DDA_S.ruber"
"289","22min_Dil3_3_3",6,"Spike-in: Low","22min","S.ruber","DDA","22min_Dil3","DDA_S.ruber"
"290","22min_Dil1_1_1",571,"Spike-in: High","22min","L.murinus","DIA","22min_Dil1","DIA_L.murinus"
"291","22min_Dil1_1_2",575,"Spike-in: High","22min","L.murinus","DIA","22min_Dil1","DIA_L.murinus"
"292","22min_Dil1_1_3",562,"Spike-in: High","22min","L.murinus","DIA","22min_Dil1","DIA_L.murinus"
"293","22min_Dil1_2_1",567,"Spike-in: High","22min","L.murinus","DIA","22min_Dil1","DIA_L.murinus"
"294","22min_Dil1_2_3",567,"Spike-in: High","22min","L.murinus","DIA","22min_Dil1","DIA_L.murinus"
"295","22min_Dil1_3_1",575,"Spike-in: High","22min","L.murinus","DIA","22min_Dil1","DIA_L.murinus"
"296","22min_Dil1_3_2",578,"Spike-in: High","22min","L.murinus","DIA","22min_Dil1","DIA_L.murinus"
"297","22min_Dil1_3_3",578,"Spike-in: High","22min","L.murinus","DIA","22min_Dil1","DIA_L.murinus"
"298","22min_Dil2_1_1",45,"Spike-in: Medium","22min","L.murinus","DIA","22min_Dil2","DIA_L.murinus"
"299","22min_Dil2_1_2",16,"Spike-in: Medium","22min","L.murinus","DIA","22min_Dil2","DIA_L.murinus"
"300","22min_Dil2_1_3",26,"Spike-in: Medium","22min","L.murinus","DIA","22min_Dil2","DIA_L.murinus"
"301","22min_Dil2_2_1",103,"Spike-in: Medium","22min","L.murinus","DIA","22min_Dil2","DIA_L.murinus"
"302","22min_Dil2_2_2",109,"Spike-in: Medium","22min","L.murinus","DIA","22min_Dil2","DIA_L.murinus"
"303","22min_Dil2_2_3",102,"Spike-in: Medium","22min","L.murinus","DIA","22min_Dil2","DIA_L.murinus"
"304","22min_Dil2_3_1",96,"Spike-in: Medium","22min","L.murinus","DIA","22min_Dil2","DIA_L.murinus"
"305","22min_Dil2_3_2",97,"Spike-in: Medium","22min","L.murinus","DIA","22min_Dil2","DIA_L.murinus"
"306","22min_Dil2_3_3",101,"Spike-in: Medium","22min","L.murinus","DIA","22min_Dil2","DIA_L.murinus"
"307","22min_Dil3_1_2",2,"Spike-in: Low","22min","L.murinus","DIA","22min_Dil3","DIA_L.murinus"
"308","22min_Dil3_2_2",1,"Spike-in: Low","22min","L.murinus","DIA","22min_Dil3","DIA_L.murinus"
"309","22min_Dil3_3_1",1,"Spike-in: Low","22min","L.murinus","DIA","22min_Dil3","DIA_L.murinus"
"310","22min_Dil1_1_1",1306,"Spike-in: High","22min","S.ruber","DIA","22min_Dil1","DIA_S.ruber"
"311","22min_Dil1_1_2",1324,"Spike-in: High","22min","S.ruber","DIA","22min_Dil1","DIA_S.ruber"
"312","22min_Dil1_1_3",1302,"Spike-in: High","22min","S.ruber","DIA","22min_Dil1","DIA_S.ruber"
"313","22min_Dil1_2_1",1289,"Spike-in: High","22min","S.ruber","DIA","22min_Dil1","DIA_S.ruber"
"314","22min_Dil1_2_3",1284,"Spike-in: High","22min","S.ruber","DIA","22min_Dil1","DIA_S.ruber"
"315","22min_Dil1_3_1",1348,"Spike-in: High","22min","S.ruber","DIA","22min_Dil1","DIA_S.ruber"
"316","22min_Dil1_3_2",1345,"Spike-in: High","22min","S.ruber","DIA","22min_Dil1","DIA_S.ruber"
"317","22min_Dil1_3_3",1318,"Spike-in: High","22min","S.ruber","DIA","22min_Dil1","DIA_S.ruber"
"318","22min_Dil2_1_1",103,"Spike-in: Medium","22min","S.ruber","DIA","22min_Dil2","DIA_S.ruber"
"319","22min_Dil2_1_2",98,"Spike-in: Medium","22min","S.ruber","DIA","22min_Dil2","DIA_S.ruber"
"320","22min_Dil2_1_3",109,"Spike-in: Medium","22min","S.ruber","DIA","22min_Dil2","DIA_S.ruber"
"321","22min_Dil2_2_1",130,"Spike-in: Medium","22min","S.ruber","DIA","22min_Dil2","DIA_S.ruber"
"322","22min_Dil2_2_2",132,"Spike-in: Medium","22min","S.ruber","DIA","22min_Dil2","DIA_S.ruber"
"323","22min_Dil2_2_3",117,"Spike-in: Medium","22min","S.ruber","DIA","22min_Dil2","DIA_S.ruber"
"324","22min_Dil2_3_1",122,"Spike-in: Medium","22min","S.ruber","DIA","22min_Dil2","DIA_S.ruber"
"325","22min_Dil2_3_2",136,"Spike-in: Medium","22min","S.ruber","DIA","22min_Dil2","DIA_S.ruber"
"326","22min_Dil2_3_3",131,"Spike-in: Medium","22min","S.ruber","DIA","22min_Dil2","DIA_S.ruber"
"327","22min_Dil3_1_1",4,"Spike-in: Low","22min","S.ruber","DIA","22min_Dil3","DIA_S.ruber"
"328","22min_Dil3_1_2",9,"Spike-in: Low","22min","S.ruber","DIA","22min_Dil3","DIA_S.ruber"
"329","22min_Dil3_1_3",6,"Spike-in: Low","22min","S.ruber","DIA","22min_Dil3","DIA_S.ruber"
"330","22min_Dil3_2_1",2,"Spike-in: Low","22min","S.ruber","DIA","22min_Dil3","DIA_S.ruber"
"331","22min_Dil3_2_2",1,"Spike-in: Low","22min","S.ruber","DIA","22min_Dil3","DIA_S.ruber"
"332","22min_Dil3_2_3",3,"Spike-in: Low","22min","S.ruber","DIA","22min_Dil3","DIA_S.ruber"
"333","22min_Dil3_3_1",2,"Spike-in: Low","22min","S.ruber","DIA","22min_Dil3","DIA_S.ruber"
"334","22min_Dil3_3_2",3,"Spike-in: Low","22min","S.ruber","DIA","22min_Dil3","DIA_S.ruber"
"335","22min_Dil3_3_3",7,"Spike-in: Low","22min","S.ruber","DIA","22min_Dil3","DIA_S.ruber"
"336","22min_Dil1_1_1",459,"Spike-in: High","22min","L.murinus","Midia","22min_Dil1","Midia5OL_L.murinus"
"337","22min_Dil1_1_2",441,"Spike-in: High","22min","L.murinus","Midia","22min_Dil1","Midia5OL_L.murinus"
"338","22min_Dil1_1_3",421,"Spike-in: High","22min","L.murinus","Midia","22min_Dil1","Midia5OL_L.murinus"
"339","22min_Dil1_2_1",479,"Spike-in: High","22min","L.murinus","Midia","22min_Dil1","Midia5OL_L.murinus"
"340","22min_Dil1_2_2",479,"Spike-in: High","22min","L.murinus","Midia","22min_Dil1","Midia5OL_L.murinus"
"341","22min_Dil1_2_3",477,"Spike-in: High","22min","L.murinus","Midia","22min_Dil1","Midia5OL_L.murinus"
"342","22min_Dil1_3_1",492,"Spike-in: High","22min","L.murinus","Midia","22min_Dil1","Midia5OL_L.murinus"
"343","22min_Dil1_3_2",481,"Spike-in: High","22min","L.murinus","Midia","22min_Dil1","Midia5OL_L.murinus"
"344","22min_Dil1_3_3",478,"Spike-in: High","22min","L.murinus","Midia","22min_Dil1","Midia5OL_L.murinus"
"345","22min_Dil2_1_1",71,"Spike-in: Medium","22min","L.murinus","Midia","22min_Dil2","Midia5OL_L.murinus"
"346","22min_Dil2_1_2",66,"Spike-in: Medium","22min","L.murinus","Midia","22min_Dil2","Midia5OL_L.murinus"
"347","22min_Dil2_1_3",71,"Spike-in: Medium","22min","L.murinus","Midia","22min_Dil2","Midia5OL_L.murinus"
"348","22min_Dil2_2_1",64,"Spike-in: Medium","22min","L.murinus","Midia","22min_Dil2","Midia5OL_L.murinus"
"349","22min_Dil2_2_2",78,"Spike-in: Medium","22min","L.murinus","Midia","22min_Dil2","Midia5OL_L.murinus"
"350","22min_Dil2_2_3",78,"Spike-in: Medium","22min","L.murinus","Midia","22min_Dil2","Midia5OL_L.murinus"
"351","22min_Dil2_3_1",68,"Spike-in: Medium","22min","L.murinus","Midia","22min_Dil2","Midia5OL_L.murinus"
"352","22min_Dil2_3_2",72,"Spike-in: Medium","22min","L.murinus","Midia","22min_Dil2","Midia5OL_L.murinus"
"353","22min_Dil2_3_3",63,"Spike-in: Medium","22min","L.murinus","Midia","22min_Dil2","Midia5OL_L.murinus"
"354","22min_Dil1_1_1",1083,"Spike-in: High","22min","S.ruber","Midia","22min_Dil1","Midia5OL_S.ruber"
"355","22min_Dil1_1_2",1035,"Spike-in: High","22min","S.ruber","Midia","22min_Dil1","Midia5OL_S.ruber"
"356","22min_Dil1_1_3",1022,"Spike-in: High","22min","S.ruber","Midia","22min_Dil1","Midia5OL_S.ruber"
"357","22min_Dil1_2_1",1100,"Spike-in: High","22min","S.ruber","Midia","22min_Dil1","Midia5OL_S.ruber"
"358","22min_Dil1_2_2",1114,"Spike-in: High","22min","S.ruber","Midia","22min_Dil1","Midia5OL_S.ruber"
"359","22min_Dil1_2_3",1127,"Spike-in: High","22min","S.ruber","Midia","22min_Dil1","Midia5OL_S.ruber"
"360","22min_Dil1_3_1",1146,"Spike-in: High","22min","S.ruber","Midia","22min_Dil1","Midia5OL_S.ruber"
"361","22min_Dil1_3_2",1157,"Spike-in: High","22min","S.ruber","Midia","22min_Dil1","Midia5OL_S.ruber"
"362","22min_Dil1_3_3",1144,"Spike-in: High","22min","S.ruber","Midia","22min_Dil1","Midia5OL_S.ruber"
"363","22min_Dil2_1_1",104,"Spike-in: Medium","22min","S.ruber","Midia","22min_Dil2","Midia5OL_S.ruber"
"364","22min_Dil2_1_2",109,"Spike-in: Medium","22min","S.ruber","Midia","22min_Dil2","Midia5OL_S.ruber"
"365","22min_Dil2_1_3",106,"Spike-in: Medium","22min","S.ruber","Midia","22min_Dil2","Midia5OL_S.ruber"
"366","22min_Dil2_2_1",90,"Spike-in: Medium","22min","S.ruber","Midia","22min_Dil2","Midia5OL_S.ruber"
"367","22min_Dil2_2_2",95,"Spike-in: Medium","22min","S.ruber","Midia","22min_Dil2","Midia5OL_S.ruber"
"368","22min_Dil2_2_3",101,"Spike-in: Medium","22min","S.ruber","Midia","22min_Dil2","Midia5OL_S.ruber"
"369","22min_Dil2_3_1",97,"Spike-in: Medium","22min","S.ruber","Midia","22min_Dil2","Midia5OL_S.ruber"
"370","22min_Dil2_3_2",106,"Spike-in: Medium","22min","S.ruber","Midia","22min_Dil2","Midia5OL_S.ruber"
"371","22min_Dil2_3_3",94,"Spike-in: Medium","22min","S.ruber","Midia","22min_Dil2","Midia5OL_S.ruber"
"372","22min_Dil3_1_1",3,"Spike-in: Low","22min","S.ruber","Midia","22min_Dil3","Midia5OL_S.ruber"
"373","22min_Dil3_1_2",2,"Spike-in: Low","22min","S.ruber","Midia","22min_Dil3","Midia5OL_S.ruber"
"374","22min_Dil3_1_3",4,"Spike-in: Low","22min","S.ruber","Midia","22min_Dil3","Midia5OL_S.ruber"
"375","22min_Dil3_2_1",4,"Spike-in: Low","22min","S.ruber","Midia","22min_Dil3","Midia5OL_S.ruber"
"376","22min_Dil3_2_2",5,"Spike-in: Low","22min","S.ruber","Midia","22min_Dil3","Midia5OL_S.ruber"
"377","22min_Dil3_2_3",1,"Spike-in: Low","22min","S.ruber","Midia","22min_Dil3","Midia5OL_S.ruber"
"378","22min_Dil3_3_1",11,"Spike-in: Low","22min","S.ruber","Midia","22min_Dil3","Midia5OL_S.ruber"
"379","22min_Dil3_3_2",7,"Spike-in: Low","22min","S.ruber","Midia","22min_Dil3","Midia5OL_S.ruber"
"380","22min_Dil3_3_3",3,"Spike-in: Low","22min","S.ruber","Midia","22min_Dil3","Midia5OL_S.ruber"
"381","22min_Dil1_1_1",462,"Spike-in: High","22min","L.murinus","Slice","22min_Dil1","Slice1F_L.murinus"
"382","22min_Dil1_1_2",485,"Spike-in: High","22min","L.murinus","Slice","22min_Dil1","Slice1F_L.murinus"
"383","22min_Dil1_1_3",476,"Spike-in: High","22min","L.murinus","Slice","22min_Dil1","Slice1F_L.murinus"
"384","22min_Dil1_2_1",568,"Spike-in: High","22min","L.murinus","Slice","22min_Dil1","Slice1F_L.murinus"
"385","22min_Dil1_2_2",569,"Spike-in: High","22min","L.murinus","Slice","22min_Dil1","Slice1F_L.murinus"
"386","22min_Dil1_2_3",562,"Spike-in: High","22min","L.murinus","Slice","22min_Dil1","Slice1F_L.murinus"
"387","22min_Dil1_3_1",558,"Spike-in: High","22min","L.murinus","Slice","22min_Dil1","Slice1F_L.murinus"
"388","22min_Dil1_3_2",552,"Spike-in: High","22min","L.murinus","Slice","22min_Dil1","Slice1F_L.murinus"
"389","22min_Dil1_3_3",551,"Spike-in: High","22min","L.murinus","Slice","22min_Dil1","Slice1F_L.murinus"
"390","22min_Dil2_1_1",74,"Spike-in: Medium","22min","L.murinus","Slice","22min_Dil2","Slice1F_L.murinus"
"391","22min_Dil2_1_2",83,"Spike-in: Medium","22min","L.murinus","Slice","22min_Dil2","Slice1F_L.murinus"
"392","22min_Dil2_1_3",75,"Spike-in: Medium","22min","L.murinus","Slice","22min_Dil2","Slice1F_L.murinus"
"393","22min_Dil2_2_1",73,"Spike-in: Medium","22min","L.murinus","Slice","22min_Dil2","Slice1F_L.murinus"
"394","22min_Dil2_2_2",83,"Spike-in: Medium","22min","L.murinus","Slice","22min_Dil2","Slice1F_L.murinus"
"395","22min_Dil2_2_3",80,"Spike-in: Medium","22min","L.murinus","Slice","22min_Dil2","Slice1F_L.murinus"
"396","22min_Dil2_3_1",85,"Spike-in: Medium","22min","L.murinus","Slice","22min_Dil2","Slice1F_L.murinus"
"397","22min_Dil2_3_2",76,"Spike-in: Medium","22min","L.murinus","Slice","22min_Dil2","Slice1F_L.murinus"
"398","22min_Dil2_3_3",74,"Spike-in: Medium","22min","L.murinus","Slice","22min_Dil2","Slice1F_L.murinus"
"399","22min_Dil3_1_1",1,"Spike-in: Low","22min","L.murinus","Slice","22min_Dil3","Slice1F_L.murinus"
"400","22min_Dil3_2_2",2,"Spike-in: Low","22min","L.murinus","Slice","22min_Dil3","Slice1F_L.murinus"
"401","22min_Dil3_2_3",1,"Spike-in: Low","22min","L.murinus","Slice","22min_Dil3","Slice1F_L.murinus"
"402","22min_Dil3_3_1",2,"Spike-in: Low","22min","L.murinus","Slice","22min_Dil3","Slice1F_L.murinus"
"403","22min_Dil3_3_3",1,"Spike-in: Low","22min","L.murinus","Slice","22min_Dil3","Slice1F_L.murinus"
"404","22min_Dil1_1_1",982,"Spike-in: High","22min","S.ruber","Slice","22min_Dil1","Slice1F_S.ruber"
"405","22min_Dil1_1_2",1003,"Spike-in: High","22min","S.ruber","Slice","22min_Dil1","Slice1F_S.ruber"
"406","22min_Dil1_1_3",993,"Spike-in: High","22min","S.ruber","Slice","22min_Dil1","Slice1F_S.ruber"
"407","22min_Dil1_2_1",1180,"Spike-in: High","22min","S.ruber","Slice","22min_Dil1","Slice1F_S.ruber"
"408","22min_Dil1_2_2",1159,"Spike-in: High","22min","S.ruber","Slice","22min_Dil1","Slice1F_S.ruber"
"409","22min_Dil1_2_3",1169,"Spike-in: High","22min","S.ruber","Slice","22min_Dil1","Slice1F_S.ruber"
"410","22min_Dil1_3_1",1193,"Spike-in: High","22min","S.ruber","Slice","22min_Dil1","Slice1F_S.ruber"
"411","22min_Dil1_3_2",1149,"Spike-in: High","22min","S.ruber","Slice","22min_Dil1","Slice1F_S.ruber"
"412","22min_Dil1_3_3",1172,"Spike-in: High","22min","S.ruber","Slice","22min_Dil1","Slice1F_S.ruber"
"413","22min_Dil2_1_1",110,"Spike-in: Medium","22min","S.ruber","Slice","22min_Dil2","Slice1F_S.ruber"
"414","22min_Dil2_1_2",87,"Spike-in: Medium","22min","S.ruber","Slice","22min_Dil2","Slice1F_S.ruber"
"415","22min_Dil2_1_3",107,"Spike-in: Medium","22min","S.ruber","Slice","22min_Dil2","Slice1F_S.ruber"
"416","22min_Dil2_2_1",102,"Spike-in: Medium","22min","S.ruber","Slice","22min_Dil2","Slice1F_S.ruber"
"417","22min_Dil2_2_2",81,"Spike-in: Medium","22min","S.ruber","Slice","22min_Dil2","Slice1F_S.ruber"
"418","22min_Dil2_2_3",106,"Spike-in: Medium","22min","S.ruber","Slice","22min_Dil2","Slice1F_S.ruber"
"419","22min_Dil2_3_1",89,"Spike-in: Medium","22min","S.ruber","Slice","22min_Dil2","Slice1F_S.ruber"
"420","22min_Dil2_3_2",92,"Spike-in: Medium","22min","S.ruber","Slice","22min_Dil2","Slice1F_S.ruber"
"421","22min_Dil2_3_3",102,"Spike-in: Medium","22min","S.ruber","Slice","22min_Dil2","Slice1F_S.ruber"
"422","22min_Dil3_1_1",4,"Spike-in: Low","22min","S.ruber","Slice","22min_Dil3","Slice1F_S.ruber"
"423","22min_Dil3_1_3",2,"Spike-in: Low","22min","S.ruber","Slice","22min_Dil3","Slice1F_S.ruber"
"424","22min_Dil3_2_1",4,"Spike-in: Low","22min","S.ruber","Slice","22min_Dil3","Slice1F_S.ruber"
"425","22min_Dil3_2_2",4,"Spike-in: Low","22min","S.ruber","Slice","22min_Dil3","Slice1F_S.ruber"
"426","22min_Dil3_2_3",1,"Spike-in: Low","22min","S.ruber","Slice","22min_Dil3","Slice1F_S.ruber"
"427","22min_Dil3_3_1",3,"Spike-in: Low","22min","S.ruber","Slice","22min_Dil3","Slice1F_S.ruber"
"428","22min_Dil3_3_2",4,"Spike-in: Low","22min","S.ruber","Slice","22min_Dil3","Slice1F_S.ruber"
"429","22min_Dil3_3_3",4,"Spike-in: Low","22min","S.ruber","Slice","22min_Dil3","Slice1F_S.ruber"
"430","22min_Dil1_1_1",436,"Spike-in: High","22min","L.murinus","Synchro","22min_Dil1","Synchro_L.murinus"
"431","22min_Dil1_1_2",419,"Spike-in: High","22min","L.murinus","Synchro","22min_Dil1","Synchro_L.murinus"
"432","22min_Dil1_1_3",423,"Spike-in: High","22min","L.murinus","Synchro","22min_Dil1","Synchro_L.murinus"
"433","22min_Dil1_2_1",397,"Spike-in: High","22min","L.murinus","Synchro","22min_Dil1","Synchro_L.murinus"
"434","22min_Dil1_2_2",419,"Spike-in: High","22min","L.murinus","Synchro","22min_Dil1","Synchro_L.murinus"
"435","22min_Dil1_2_3",407,"Spike-in: High","22min","L.murinus","Synchro","22min_Dil1","Synchro_L.murinus"
"436","22min_Dil1_3_1",384,"Spike-in: High","22min","L.murinus","Synchro","22min_Dil1","Synchro_L.murinus"
"437","22min_Dil1_3_2",377,"Spike-in: High","22min","L.murinus","Synchro","22min_Dil1","Synchro_L.murinus"
"438","22min_Dil1_3_3",373,"Spike-in: High","22min","L.murinus","Synchro","22min_Dil1","Synchro_L.murinus"
"439","22min_Dil2_1_1",45,"Spike-in: Medium","22min","L.murinus","Synchro","22min_Dil2","Synchro_L.murinus"
"440","22min_Dil2_1_2",49,"Spike-in: Medium","22min","L.murinus","Synchro","22min_Dil2","Synchro_L.murinus"
"441","22min_Dil2_1_3",50,"Spike-in: Medium","22min","L.murinus","Synchro","22min_Dil2","Synchro_L.murinus"
"442","22min_Dil2_2_1",41,"Spike-in: Medium","22min","L.murinus","Synchro","22min_Dil2","Synchro_L.murinus"
"443","22min_Dil2_2_2",46,"Spike-in: Medium","22min","L.murinus","Synchro","22min_Dil2","Synchro_L.murinus"
"444","22min_Dil2_2_3",35,"Spike-in: Medium","22min","L.murinus","Synchro","22min_Dil2","Synchro_L.murinus"
"445","22min_Dil2_3_1",41,"Spike-in: Medium","22min","L.murinus","Synchro","22min_Dil2","Synchro_L.murinus"
"446","22min_Dil2_3_2",39,"Spike-in: Medium","22min","L.murinus","Synchro","22min_Dil2","Synchro_L.murinus"
"447","22min_Dil2_3_3",42,"Spike-in: Medium","22min","L.murinus","Synchro","22min_Dil2","Synchro_L.murinus"
"448","22min_Dil3_1_1",1,"Spike-in: Low","22min","L.murinus","Synchro","22min_Dil3","Synchro_L.murinus"
"449","22min_Dil3_3_3",1,"Spike-in: Low","22min","L.murinus","Synchro","22min_Dil3","Synchro_L.murinus"
"450","22min_Dil1_1_1",979,"Spike-in: High","22min","S.ruber","Synchro","22min_Dil1","Synchro_S.ruber"
"451","22min_Dil1_1_2",954,"Spike-in: High","22min","S.ruber","Synchro","22min_Dil1","Synchro_S.ruber"
"452","22min_Dil1_1_3",953,"Spike-in: High","22min","S.ruber","Synchro","22min_Dil1","Synchro_S.ruber"
"453","22min_Dil1_2_1",896,"Spike-in: High","22min","S.ruber","Synchro","22min_Dil1","Synchro_S.ruber"
"454","22min_Dil1_2_2",942,"Spike-in: High","22min","S.ruber","Synchro","22min_Dil1","Synchro_S.ruber"
"455","22min_Dil1_2_3",918,"Spike-in: High","22min","S.ruber","Synchro","22min_Dil1","Synchro_S.ruber"
"456","22min_Dil1_3_1",911,"Spike-in: High","22min","S.ruber","Synchro","22min_Dil1","Synchro_S.ruber"
"457","22min_Dil1_3_2",903,"Spike-in: High","22min","S.ruber","Synchro","22min_Dil1","Synchro_S.ruber"
"458","22min_Dil1_3_3",867,"Spike-in: High","22min","S.ruber","Synchro","22min_Dil1","Synchro_S.ruber"
"459","22min_Dil2_1_1",65,"Spike-in: Medium","22min","S.ruber","Synchro","22min_Dil2","Synchro_S.ruber"
"460","22min_Dil2_1_2",58,"Spike-in: Medium","22min","S.ruber","Synchro","22min_Dil2","Synchro_S.ruber"
"461","22min_Dil2_1_3",67,"Spike-in: Medium","22min","S.ruber","Synchro","22min_Dil2","Synchro_S.ruber"
"462","22min_Dil2_2_1",66,"Spike-in: Medium","22min","S.ruber","Synchro","22min_Dil2","Synchro_S.ruber"
"463","22min_Dil2_2_2",59,"Spike-in: Medium","22min","S.ruber","Synchro","22min_Dil2","Synchro_S.ruber"
"464","22min_Dil2_2_3",55,"Spike-in: Medium","22min","S.ruber","Synchro","22min_Dil2","Synchro_S.ruber"
"465","22min_Dil2_3_1",59,"Spike-in: Medium","22min","S.ruber","Synchro","22min_Dil2","Synchro_S.ruber"
"466","22min_Dil2_3_2",56,"Spike-in: Medium","22min","S.ruber","Synchro","22min_Dil2","Synchro_S.ruber"
"467","22min_Dil2_3_3",62,"Spike-in: Medium","22min","S.ruber","Synchro","22min_Dil2","Synchro_S.ruber"
"468","22min_Dil3_1_1",11,"Spike-in: Low","22min","S.ruber","Synchro","22min_Dil3","Synchro_S.ruber"
"469","22min_Dil3_1_2",8,"Spike-in: Low","22min","S.ruber","Synchro","22min_Dil3","Synchro_S.ruber"
"470","22min_Dil3_1_3",6,"Spike-in: Low","22min","S.ruber","Synchro","22min_Dil3","Synchro_S.ruber"
"471","22min_Dil3_2_1",5,"Spike-in: Low","22min","S.ruber","Synchro","22min_Dil3","Synchro_S.ruber"
"472","22min_Dil3_2_2",10,"Spike-in: Low","22min","S.ruber","Synchro","22min_Dil3","Synchro_S.ruber"
"473","22min_Dil3_2_3",7,"Spike-in: Low","22min","S.ruber","Synchro","22min_Dil3","Synchro_S.ruber"
"474","22min_Dil3_3_1",10,"Spike-in: Low","22min","S.ruber","Synchro","22min_Dil3","Synchro_S.ruber"
"475","22min_Dil3_3_2",7,"Spike-in: Low","22min","S.ruber","Synchro","22min_Dil3","Synchro_S.ruber"
"476","22min_Dil3_3_3",8,"Spike-in: Low","22min","S.ruber","Synchro","22min_Dil3","Synchro_S.ruber"
"477","5min_Dil1_1_1",22,"Spike-in: High","5min","L.murinus","DDA","5min_Dil1","DDA_L.murinus"
"478","5min_Dil1_1_2",29,"Spike-in: High","5min","L.murinus","DDA","5min_Dil1","DDA_L.murinus"
"479","5min_Dil1_1_3",21,"Spike-in: High","5min","L.murinus","DDA","5min_Dil1","DDA_L.murinus"
"480","5min_Dil1_2_1",25,"Spike-in: High","5min","L.murinus","DDA","5min_Dil1","DDA_L.murinus"
"481","5min_Dil1_2_2",23,"Spike-in: High","5min","L.murinus","DDA","5min_Dil1","DDA_L.murinus"
"482","5min_Dil1_2_3",19,"Spike-in: High","5min","L.murinus","DDA","5min_Dil1","DDA_L.murinus"
"483","5min_Dil1_3_1",16,"Spike-in: High","5min","L.murinus","DDA","5min_Dil1","DDA_L.murinus"
"484","5min_Dil1_3_2",19,"Spike-in: High","5min","L.murinus","DDA","5min_Dil1","DDA_L.murinus"
"485","5min_Dil1_3_3",22,"Spike-in: High","5min","L.murinus","DDA","5min_Dil1","DDA_L.murinus"
"486","5min_Dil2_2_1",2,"Spike-in: Medium","5min","L.murinus","DDA","5min_Dil2","DDA_L.murinus"
"487","5min_Dil2_3_1",2,"Spike-in: Medium","5min","L.murinus","DDA","5min_Dil2","DDA_L.murinus"
"488","5min_Dil2_3_2",2,"Spike-in: Medium","5min","L.murinus","DDA","5min_Dil2","DDA_L.murinus"
"489","5min_Dil2_3_3",1,"Spike-in: Medium","5min","L.murinus","DDA","5min_Dil2","DDA_L.murinus"
"490","5min_Dil1_1_1",87,"Spike-in: High","5min","S.ruber","DDA","5min_Dil1","DDA_S.ruber"
"491","5min_Dil1_1_2",82,"Spike-in: High","5min","S.ruber","DDA","5min_Dil1","DDA_S.ruber"
"492","5min_Dil1_1_3",83,"Spike-in: High","5min","S.ruber","DDA","5min_Dil1","DDA_S.ruber"
"493","5min_Dil1_2_1",73,"Spike-in: High","5min","S.ruber","DDA","5min_Dil1","DDA_S.ruber"
"494","5min_Dil1_2_2",74,"Spike-in: High","5min","S.ruber","DDA","5min_Dil1","DDA_S.ruber"
"495","5min_Dil1_2_3",78,"Spike-in: High","5min","S.ruber","DDA","5min_Dil1","DDA_S.ruber"
"496","5min_Dil1_3_1",73,"Spike-in: High","5min","S.ruber","DDA","5min_Dil1","DDA_S.ruber"
"497","5min_Dil1_3_2",75,"Spike-in: High","5min","S.ruber","DDA","5min_Dil1","DDA_S.ruber"
"498","5min_Dil1_3_3",91,"Spike-in: High","5min","S.ruber","DDA","5min_Dil1","DDA_S.ruber"
"499","5min_Dil2_1_1",2,"Spike-in: Medium","5min","S.ruber","DDA","5min_Dil2","DDA_S.ruber"
"500","5min_Dil2_1_2",6,"Spike-in: Medium","5min","S.ruber","DDA","5min_Dil2","DDA_S.ruber"
"501","5min_Dil2_1_3",9,"Spike-in: Medium","5min","S.ruber","DDA","5min_Dil2","DDA_S.ruber"
"502","5min_Dil2_2_1",7,"Spike-in: Medium","5min","S.ruber","DDA","5min_Dil2","DDA_S.ruber"
"503","5min_Dil2_2_2",7,"Spike-in: Medium","5min","S.ruber","DDA","5min_Dil2","DDA_S.ruber"
"504","5min_Dil2_2_3",7,"Spike-in: Medium","5min","S.ruber","DDA","5min_Dil2","DDA_S.ruber"
"505","5min_Dil2_3_1",3,"Spike-in: Medium","5min","S.ruber","DDA","5min_Dil2","DDA_S.ruber"
"506","5min_Dil2_3_2",8,"Spike-in: Medium","5min","S.ruber","DDA","5min_Dil2","DDA_S.ruber"
"507","5min_Dil2_3_3",1,"Spike-in: Medium","5min","S.ruber","DDA","5min_Dil2","DDA_S.ruber"
"508","5min_Dil3_1_2",4,"Spike-in: Low","5min","S.ruber","DDA","5min_Dil3","DDA_S.ruber"
"509","5min_Dil3_1_3",1,"Spike-in: Low","5min","S.ruber","DDA","5min_Dil3","DDA_S.ruber"
"510","5min_Dil3_2_1",5,"Spike-in: Low","5min","S.ruber","DDA","5min_Dil3","DDA_S.ruber"
"511","5min_Dil3_2_2",2,"Spike-in: Low","5min","S.ruber","DDA","5min_Dil3","DDA_S.ruber"
"512","5min_Dil3_2_3",3,"Spike-in: Low","5min","S.ruber","DDA","5min_Dil3","DDA_S.ruber"
"513","5min_Dil3_3_3",1,"Spike-in: Low","5min","S.ruber","DDA","5min_Dil3","DDA_S.ruber"
"514","5min_Dil1_1_1",156,"Spike-in: High","5min","L.murinus","DIA","5min_Dil1","DIA_L.murinus"
"515","5min_Dil1_1_2",161,"Spike-in: High","5min","L.murinus","DIA","5min_Dil1","DIA_L.murinus"
"516","5min_Dil1_1_3",156,"Spike-in: High","5min","L.murinus","DIA","5min_Dil1","DIA_L.murinus"
"517","5min_Dil1_2_1",154,"Spike-in: High","5min","L.murinus","DIA","5min_Dil1","DIA_L.murinus"
"518","5min_Dil1_2_2",145,"Spike-in: High","5min","L.murinus","DIA","5min_Dil1","DIA_L.murinus"
"519","5min_Dil1_2_3",157,"Spike-in: High","5min","L.murinus","DIA","5min_Dil1","DIA_L.murinus"
"520","5min_Dil1_3_1",161,"Spike-in: High","5min","L.murinus","DIA","5min_Dil1","DIA_L.murinus"
"521","5min_Dil1_3_2",150,"Spike-in: High","5min","L.murinus","DIA","5min_Dil1","DIA_L.murinus"
"522","5min_Dil1_3_3",154,"Spike-in: High","5min","L.murinus","DIA","5min_Dil1","DIA_L.murinus"
"523","5min_Dil2_1_1",5,"Spike-in: Medium","5min","L.murinus","DIA","5min_Dil2","DIA_L.murinus"
"524","5min_Dil2_1_2",11,"Spike-in: Medium","5min","L.murinus","DIA","5min_Dil2","DIA_L.murinus"
"525","5min_Dil2_1_3",7,"Spike-in: Medium","5min","L.murinus","DIA","5min_Dil2","DIA_L.murinus"
"526","5min_Dil2_2_1",8,"Spike-in: Medium","5min","L.murinus","DIA","5min_Dil2","DIA_L.murinus"
"527","5min_Dil2_2_2",6,"Spike-in: Medium","5min","L.murinus","DIA","5min_Dil2","DIA_L.murinus"
"528","5min_Dil2_2_3",8,"Spike-in: Medium","5min","L.murinus","DIA","5min_Dil2","DIA_L.murinus"
"529","5min_Dil2_3_1",9,"Spike-in: Medium","5min","L.murinus","DIA","5min_Dil2","DIA_L.murinus"
"530","5min_Dil2_3_2",11,"Spike-in: Medium","5min","L.murinus","DIA","5min_Dil2","DIA_L.murinus"
"531","5min_Dil2_3_3",5,"Spike-in: Medium","5min","L.murinus","DIA","5min_Dil2","DIA_L.murinus"
"532","5min_Dil3_2_2",1,"Spike-in: Low","5min","L.murinus","DIA","5min_Dil3","DIA_L.murinus"
"533","5min_Dil1_1_1",244,"Spike-in: High","5min","S.ruber","DIA","5min_Dil1","DIA_S.ruber"
"534","5min_Dil1_1_2",267,"Spike-in: High","5min","S.ruber","DIA","5min_Dil1","DIA_S.ruber"
"535","5min_Dil1_1_3",257,"Spike-in: High","5min","S.ruber","DIA","5min_Dil1","DIA_S.ruber"
"536","5min_Dil1_2_1",223,"Spike-in: High","5min","S.ruber","DIA","5min_Dil1","DIA_S.ruber"
"537","5min_Dil1_2_2",216,"Spike-in: High","5min","S.ruber","DIA","5min_Dil1","DIA_S.ruber"
"538","5min_Dil1_2_3",222,"Spike-in: High","5min","S.ruber","DIA","5min_Dil1","DIA_S.ruber"
"539","5min_Dil1_3_1",228,"Spike-in: High","5min","S.ruber","DIA","5min_Dil1","DIA_S.ruber"
"540","5min_Dil1_3_2",224,"Spike-in: High","5min","S.ruber","DIA","5min_Dil1","DIA_S.ruber"
"541","5min_Dil1_3_3",223,"Spike-in: High","5min","S.ruber","DIA","5min_Dil1","DIA_S.ruber"
"542","5min_Dil2_1_1",27,"Spike-in: Medium","5min","S.ruber","DIA","5min_Dil2","DIA_S.ruber"
"543","5min_Dil2_1_2",27,"Spike-in: Medium","5min","S.ruber","DIA","5min_Dil2","DIA_S.ruber"
"544","5min_Dil2_1_3",28,"Spike-in: Medium","5min","S.ruber","DIA","5min_Dil2","DIA_S.ruber"
"545","5min_Dil2_2_1",24,"Spike-in: Medium","5min","S.ruber","DIA","5min_Dil2","DIA_S.ruber"
"546","5min_Dil2_2_2",25,"Spike-in: Medium","5min","S.ruber","DIA","5min_Dil2","DIA_S.ruber"
"547","5min_Dil2_2_3",21,"Spike-in: Medium","5min","S.ruber","DIA","5min_Dil2","DIA_S.ruber"
"548","5min_Dil2_3_1",26,"Spike-in: Medium","5min","S.ruber","DIA","5min_Dil2","DIA_S.ruber"
"549","5min_Dil2_3_2",29,"Spike-in: Medium","5min","S.ruber","DIA","5min_Dil2","DIA_S.ruber"
"550","5min_Dil2_3_3",25,"Spike-in: Medium","5min","S.ruber","DIA","5min_Dil2","DIA_S.ruber"
"551","5min_Dil3_1_1",2,"Spike-in: Low","5min","S.ruber","DIA","5min_Dil3","DIA_S.ruber"
"552","5min_Dil3_1_2",1,"Spike-in: Low","5min","S.ruber","DIA","5min_Dil3","DIA_S.ruber"
"553","5min_Dil3_1_3",2,"Spike-in: Low","5min","S.ruber","DIA","5min_Dil3","DIA_S.ruber"
"554","5min_Dil3_2_1",3,"Spike-in: Low","5min","S.ruber","DIA","5min_Dil3","DIA_S.ruber"
"555","5min_Dil3_2_2",1,"Spike-in: Low","5min","S.ruber","DIA","5min_Dil3","DIA_S.ruber"
"556","5min_Dil3_2_3",2,"Spike-in: Low","5min","S.ruber","DIA","5min_Dil3","DIA_S.ruber"
"557","5min_Dil3_3_1",1,"Spike-in: Low","5min","S.ruber","DIA","5min_Dil3","DIA_S.ruber"
"558","5min_Dil3_3_2",3,"Spike-in: Low","5min","S.ruber","DIA","5min_Dil3","DIA_S.ruber"
"559","5min_Dil3_3_3",1,"Spike-in: Low","5min","S.ruber","DIA","5min_Dil3","DIA_S.ruber"
"560","5min_Dil1_1_1",105,"Spike-in: High","5min","L.murinus","Midia","5min_Dil1","Midia5OL_L.murinus"
"561","5min_Dil1_1_2",107,"Spike-in: High","5min","L.murinus","Midia","5min_Dil1","Midia5OL_L.murinus"
"562","5min_Dil1_1_3",117,"Spike-in: High","5min","L.murinus","Midia","5min_Dil1","Midia5OL_L.murinus"
"563","5min_Dil1_2_1",106,"Spike-in: High","5min","L.murinus","Midia","5min_Dil1","Midia5OL_L.murinus"
"564","5min_Dil1_2_2",106,"Spike-in: High","5min","L.murinus","Midia","5min_Dil1","Midia5OL_L.murinus"
"565","5min_Dil1_2_3",107,"Spike-in: High","5min","L.murinus","Midia","5min_Dil1","Midia5OL_L.murinus"
"566","5min_Dil1_3_1",93,"Spike-in: High","5min","L.murinus","Midia","5min_Dil1","Midia5OL_L.murinus"
"567","5min_Dil1_3_2",100,"Spike-in: High","5min","L.murinus","Midia","5min_Dil1","Midia5OL_L.murinus"
"568","5min_Dil1_3_3",96,"Spike-in: High","5min","L.murinus","Midia","5min_Dil1","Midia5OL_L.murinus"
"569","5min_Dil2_1_1",5,"Spike-in: Medium","5min","L.murinus","Midia","5min_Dil2","Midia5OL_L.murinus"
"570","5min_Dil2_1_2",3,"Spike-in: Medium","5min","L.murinus","Midia","5min_Dil2","Midia5OL_L.murinus"
"571","5min_Dil2_2_1",6,"Spike-in: Medium","5min","L.murinus","Midia","5min_Dil2","Midia5OL_L.murinus"
"572","5min_Dil2_2_2",4,"Spike-in: Medium","5min","L.murinus","Midia","5min_Dil2","Midia5OL_L.murinus"
"573","5min_Dil2_2_3",3,"Spike-in: Medium","5min","L.murinus","Midia","5min_Dil2","Midia5OL_L.murinus"
"574","5min_Dil2_3_1",5,"Spike-in: Medium","5min","L.murinus","Midia","5min_Dil2","Midia5OL_L.murinus"
"575","5min_Dil2_3_2",3,"Spike-in: Medium","5min","L.murinus","Midia","5min_Dil2","Midia5OL_L.murinus"
"576","5min_Dil2_3_3",3,"Spike-in: Medium","5min","L.murinus","Midia","5min_Dil2","Midia5OL_L.murinus"
"577","5min_Dil3_3_2",1,"Spike-in: Low","5min","L.murinus","Midia","5min_Dil3","Midia5OL_L.murinus"
"578","5min_Dil1_1_1",141,"Spike-in: High","5min","S.ruber","Midia","5min_Dil1","Midia5OL_S.ruber"
"579","5min_Dil1_1_2",144,"Spike-in: High","5min","S.ruber","Midia","5min_Dil1","Midia5OL_S.ruber"
"580","5min_Dil1_1_3",145,"Spike-in: High","5min","S.ruber","Midia","5min_Dil1","Midia5OL_S.ruber"
"581","5min_Dil1_2_1",141,"Spike-in: High","5min","S.ruber","Midia","5min_Dil1","Midia5OL_S.ruber"
"582","5min_Dil1_2_2",131,"Spike-in: High","5min","S.ruber","Midia","5min_Dil1","Midia5OL_S.ruber"
"583","5min_Dil1_2_3",123,"Spike-in: High","5min","S.ruber","Midia","5min_Dil1","Midia5OL_S.ruber"
"584","5min_Dil1_3_1",124,"Spike-in: High","5min","S.ruber","Midia","5min_Dil1","Midia5OL_S.ruber"
"585","5min_Dil1_3_2",126,"Spike-in: High","5min","S.ruber","Midia","5min_Dil1","Midia5OL_S.ruber"
"586","5min_Dil1_3_3",124,"Spike-in: High","5min","S.ruber","Midia","5min_Dil1","Midia5OL_S.ruber"
"587","5min_Dil2_1_1",15,"Spike-in: Medium","5min","S.ruber","Midia","5min_Dil2","Midia5OL_S.ruber"
"588","5min_Dil2_1_2",11,"Spike-in: Medium","5min","S.ruber","Midia","5min_Dil2","Midia5OL_S.ruber"
"589","5min_Dil2_1_3",12,"Spike-in: Medium","5min","S.ruber","Midia","5min_Dil2","Midia5OL_S.ruber"
"590","5min_Dil2_2_1",7,"Spike-in: Medium","5min","S.ruber","Midia","5min_Dil2","Midia5OL_S.ruber"
"591","5min_Dil2_2_2",6,"Spike-in: Medium","5min","S.ruber","Midia","5min_Dil2","Midia5OL_S.ruber"
"592","5min_Dil2_2_3",10,"Spike-in: Medium","5min","S.ruber","Midia","5min_Dil2","Midia5OL_S.ruber"
"593","5min_Dil2_3_1",11,"Spike-in: Medium","5min","S.ruber","Midia","5min_Dil2","Midia5OL_S.ruber"
"594","5min_Dil2_3_2",6,"Spike-in: Medium","5min","S.ruber","Midia","5min_Dil2","Midia5OL_S.ruber"
"595","5min_Dil2_3_3",9,"Spike-in: Medium","5min","S.ruber","Midia","5min_Dil2","Midia5OL_S.ruber"
"596","5min_Dil3_2_1",1,"Spike-in: Low","5min","S.ruber","Midia","5min_Dil3","Midia5OL_S.ruber"
"597","5min_Dil1_1_1",132,"Spike-in: High","5min","L.murinus","Slice","5min_Dil1","Slice1F_L.murinus"
"598","5min_Dil1_1_2",122,"Spike-in: High","5min","L.murinus","Slice","5min_Dil1","Slice1F_L.murinus"
"599","5min_Dil1_1_3",120,"Spike-in: High","5min","L.murinus","Slice","5min_Dil1","Slice1F_L.murinus"
"600","5min_Dil1_2_1",118,"Spike-in: High","5min","L.murinus","Slice","5min_Dil1","Slice1F_L.murinus"
"601","5min_Dil1_2_2",113,"Spike-in: High","5min","L.murinus","Slice","5min_Dil1","Slice1F_L.murinus"
"602","5min_Dil1_2_3",122,"Spike-in: High","5min","L.murinus","Slice","5min_Dil1","Slice1F_L.murinus"
"603","5min_Dil1_3_1",90,"Spike-in: High","5min","L.murinus","Slice","5min_Dil1","Slice1F_L.murinus"
"604","5min_Dil1_3_2",93,"Spike-in: High","5min","L.murinus","Slice","5min_Dil1","Slice1F_L.murinus"
"605","5min_Dil1_3_3",94,"Spike-in: High","5min","L.murinus","Slice","5min_Dil1","Slice1F_L.murinus"
"606","5min_Dil2_1_1",24,"Spike-in: Medium","5min","L.murinus","Slice","5min_Dil2","Slice1F_L.murinus"
"607","5min_Dil2_1_2",15,"Spike-in: Medium","5min","L.murinus","Slice","5min_Dil2","Slice1F_L.murinus"
"608","5min_Dil2_1_3",17,"Spike-in: Medium","5min","L.murinus","Slice","5min_Dil2","Slice1F_L.murinus"
"609","5min_Dil2_2_1",16,"Spike-in: Medium","5min","L.murinus","Slice","5min_Dil2","Slice1F_L.murinus"
"610","5min_Dil2_2_2",17,"Spike-in: Medium","5min","L.murinus","Slice","5min_Dil2","Slice1F_L.murinus"
"611","5min_Dil2_2_3",14,"Spike-in: Medium","5min","L.murinus","Slice","5min_Dil2","Slice1F_L.murinus"
"612","5min_Dil2_3_1",14,"Spike-in: Medium","5min","L.murinus","Slice","5min_Dil2","Slice1F_L.murinus"
"613","5min_Dil2_3_2",11,"Spike-in: Medium","5min","L.murinus","Slice","5min_Dil2","Slice1F_L.murinus"
"614","5min_Dil2_3_3",15,"Spike-in: Medium","5min","L.murinus","Slice","5min_Dil2","Slice1F_L.murinus"
"615","5min_Dil1_1_1",148,"Spike-in: High","5min","S.ruber","Slice","5min_Dil1","Slice1F_S.ruber"
"616","5min_Dil1_1_2",137,"Spike-in: High","5min","S.ruber","Slice","5min_Dil1","Slice1F_S.ruber"
"617","5min_Dil1_1_3",136,"Spike-in: High","5min","S.ruber","Slice","5min_Dil1","Slice1F_S.ruber"
"618","5min_Dil1_2_1",177,"Spike-in: High","5min","S.ruber","Slice","5min_Dil1","Slice1F_S.ruber"
"619","5min_Dil1_2_2",171,"Spike-in: High","5min","S.ruber","Slice","5min_Dil1","Slice1F_S.ruber"
"620","5min_Dil1_2_3",177,"Spike-in: High","5min","S.ruber","Slice","5min_Dil1","Slice1F_S.ruber"
"621","5min_Dil1_3_1",96,"Spike-in: High","5min","S.ruber","Slice","5min_Dil1","Slice1F_S.ruber"
"622","5min_Dil1_3_2",89,"Spike-in: High","5min","S.ruber","Slice","5min_Dil1","Slice1F_S.ruber"
"623","5min_Dil1_3_3",98,"Spike-in: High","5min","S.ruber","Slice","5min_Dil1","Slice1F_S.ruber"
"624","5min_Dil2_1_1",23,"Spike-in: Medium","5min","S.ruber","Slice","5min_Dil2","Slice1F_S.ruber"
"625","5min_Dil2_1_2",21,"Spike-in: Medium","5min","S.ruber","Slice","5min_Dil2","Slice1F_S.ruber"
"626","5min_Dil2_1_3",25,"Spike-in: Medium","5min","S.ruber","Slice","5min_Dil2","Slice1F_S.ruber"
"627","5min_Dil2_2_1",27,"Spike-in: Medium","5min","S.ruber","Slice","5min_Dil2","Slice1F_S.ruber"
"628","5min_Dil2_2_2",22,"Spike-in: Medium","5min","S.ruber","Slice","5min_Dil2","Slice1F_S.ruber"
"629","5min_Dil2_2_3",21,"Spike-in: Medium","5min","S.ruber","Slice","5min_Dil2","Slice1F_S.ruber"
"630","5min_Dil2_3_1",19,"Spike-in: Medium","5min","S.ruber","Slice","5min_Dil2","Slice1F_S.ruber"
"631","5min_Dil2_3_2",25,"Spike-in: Medium","5min","S.ruber","Slice","5min_Dil2","Slice1F_S.ruber"
"632","5min_Dil2_3_3",22,"Spike-in: Medium","5min","S.ruber","Slice","5min_Dil2","Slice1F_S.ruber"
"633","5min_Dil3_1_2",2,"Spike-in: Low","5min","S.ruber","Slice","5min_Dil3","Slice1F_S.ruber"
"634","5min_Dil3_1_3",2,"Spike-in: Low","5min","S.ruber","Slice","5min_Dil3","Slice1F_S.ruber"
"635","5min_Dil3_2_1",1,"Spike-in: Low","5min","S.ruber","Slice","5min_Dil3","Slice1F_S.ruber"
"636","5min_Dil3_2_2",1,"Spike-in: Low","5min","S.ruber","Slice","5min_Dil3","Slice1F_S.ruber"
"637","5min_Dil3_2_3",1,"Spike-in: Low","5min","S.ruber","Slice","5min_Dil3","Slice1F_S.ruber"
"638","5min_Dil3_3_1",1,"Spike-in: Low","5min","S.ruber","Slice","5min_Dil3","Slice1F_S.ruber"
"639","5min_Dil3_3_2",2,"Spike-in: Low","5min","S.ruber","Slice","5min_Dil3","Slice1F_S.ruber"
"640","5min_Dil1_1_1",153,"Spike-in: High","5min","L.murinus","Synchro","5min_Dil1","Synchro_L.murinus"
"641","5min_Dil1_1_2",142,"Spike-in: High","5min","L.murinus","Synchro","5min_Dil1","Synchro_L.murinus"
"642","5min_Dil1_1_3",154,"Spike-in: High","5min","L.murinus","Synchro","5min_Dil1","Synchro_L.murinus"
"643","5min_Dil1_2_1",134,"Spike-in: High","5min","L.murinus","Synchro","5min_Dil1","Synchro_L.murinus"
"644","5min_Dil1_2_2",143,"Spike-in: High","5min","L.murinus","Synchro","5min_Dil1","Synchro_L.murinus"
"645","5min_Dil1_2_3",142,"Spike-in: High","5min","L.murinus","Synchro","5min_Dil1","Synchro_L.murinus"
"646","5min_Dil1_3_1",144,"Spike-in: High","5min","L.murinus","Synchro","5min_Dil1","Synchro_L.murinus"
"647","5min_Dil1_3_2",145,"Spike-in: High","5min","L.murinus","Synchro","5min_Dil1","Synchro_L.murinus"
"648","5min_Dil1_3_3",154,"Spike-in: High","5min","L.murinus","Synchro","5min_Dil1","Synchro_L.murinus"
"649","5min_Dil2_1_1",7,"Spike-in: Medium","5min","L.murinus","Synchro","5min_Dil2","Synchro_L.murinus"
"650","5min_Dil2_1_2",13,"Spike-in: Medium","5min","L.murinus","Synchro","5min_Dil2","Synchro_L.murinus"
"651","5min_Dil2_1_3",11,"Spike-in: Medium","5min","L.murinus","Synchro","5min_Dil2","Synchro_L.murinus"
"652","5min_Dil2_2_1",15,"Spike-in: Medium","5min","L.murinus","Synchro","5min_Dil2","Synchro_L.murinus"
"653","5min_Dil2_2_2",9,"Spike-in: Medium","5min","L.murinus","Synchro","5min_Dil2","Synchro_L.murinus"
"654","5min_Dil2_2_3",8,"Spike-in: Medium","5min","L.murinus","Synchro","5min_Dil2","Synchro_L.murinus"
"655","5min_Dil2_3_1",4,"Spike-in: Medium","5min","L.murinus","Synchro","5min_Dil2","Synchro_L.murinus"
"656","5min_Dil2_3_2",8,"Spike-in: Medium","5min","L.murinus","Synchro","5min_Dil2","Synchro_L.murinus"
"657","5min_Dil2_3_3",6,"Spike-in: Medium","5min","L.murinus","Synchro","5min_Dil2","Synchro_L.murinus"
"658","5min_Dil1_1_1",210,"Spike-in: High","5min","S.ruber","Synchro","5min_Dil1","Synchro_S.ruber"
"659","5min_Dil1_1_2",206,"Spike-in: High","5min","S.ruber","Synchro","5min_Dil1","Synchro_S.ruber"
"660","5min_Dil1_1_3",233,"Spike-in: High","5min","S.ruber","Synchro","5min_Dil1","Synchro_S.ruber"
"661","5min_Dil1_2_1",224,"Spike-in: High","5min","S.ruber","Synchro","5min_Dil1","Synchro_S.ruber"
"662","5min_Dil1_2_2",214,"Spike-in: High","5min","S.ruber","Synchro","5min_Dil1","Synchro_S.ruber"
"663","5min_Dil1_2_3",206,"Spike-in: High","5min","S.ruber","Synchro","5min_Dil1","Synchro_S.ruber"
"664","5min_Dil1_3_1",208,"Spike-in: High","5min","S.ruber","Synchro","5min_Dil1","Synchro_S.ruber"
"665","5min_Dil1_3_2",212,"Spike-in: High","5min","S.ruber","Synchro","5min_Dil1","Synchro_S.ruber"
"666","5min_Dil1_3_3",219,"Spike-in: High","5min","S.ruber","Synchro","5min_Dil1","Synchro_S.ruber"
"667","5min_Dil2_1_1",26,"Spike-in: Medium","5min","S.ruber","Synchro","5min_Dil2","Synchro_S.ruber"
"668","5min_Dil2_1_2",28,"Spike-in: Medium","5min","S.ruber","Synchro","5min_Dil2","Synchro_S.ruber"
"669","5min_Dil2_1_3",28,"Spike-in: Medium","5min","S.ruber","Synchro","5min_Dil2","Synchro_S.ruber"
"670","5min_Dil2_2_1",31,"Spike-in: Medium","5min","S.ruber","Synchro","5min_Dil2","Synchro_S.ruber"
"671","5min_Dil2_2_2",27,"Spike-in: Medium","5min","S.ruber","Synchro","5min_Dil2","Synchro_S.ruber"
"672","5min_Dil2_2_3",19,"Spike-in: Medium","5min","S.ruber","Synchro","5min_Dil2","Synchro_S.ruber"
"673","5min_Dil2_3_1",25,"Spike-in: Medium","5min","S.ruber","Synchro","5min_Dil2","Synchro_S.ruber"
"674","5min_Dil2_3_2",25,"Spike-in: Medium","5min","S.ruber","Synchro","5min_Dil2","Synchro_S.ruber"
"675","5min_Dil2_3_3",27,"Spike-in: Medium","5min","S.ruber","Synchro","5min_Dil2","Synchro_S.ruber"
"676","5min_Dil3_1_1",1,"Spike-in: Low","5min","S.ruber","Synchro","5min_Dil3","Synchro_S.ruber"
"677","5min_Dil3_1_3",1,"Spike-in: Low","5min","S.ruber","Synchro","5min_Dil3","Synchro_S.ruber"
"678","5min_Dil3_2_1",1,"Spike-in: Low","5min","S.ruber","Synchro","5min_Dil3","Synchro_S.ruber"
"679","5min_Dil3_2_2",1,"Spike-in: Low","5min","S.ruber","Synchro","5min_Dil3","Synchro_S.ruber"
"680","5min_Dil3_2_3",1,"Spike-in: Low","5min","S.ruber","Synchro","5min_Dil3","Synchro_S.ruber"
"681","5min_Dil3_3_1",1,"Spike-in: Low","5min","S.ruber","Synchro","5min_Dil3","Synchro_S.ruber"
"682","5min_Dil3_3_2",2,"Spike-in: Low","5min","S.ruber","Synchro","5min_Dil3","Synchro_S.ruber"
"683","5min_Dil3_3_3",1,"Spike-in: Low","5min","S.ruber","Synchro","5min_Dil3","Synchro_S.ruber"
